{"stats":{"minecraft:custom":{"minecraft:jump":12,"minecraft:time_since_rest":69,"minecraft:deaths":2,"minecraft:damage_taken":510,"minecraft:leave_game":3,"minecraft:play_time":3035,"minecraft:sprint_one_cm":4070,"minecraft:time_since_death":0,"minecraft:walk_on_water_one_cm":51,"minecraft:walk_one_cm":1850,"minecraft:total_world_time":3035,"minecraft:walk_under_water_one_cm":3824,"minecraft:swim_one_cm":1003,"minecraft:fall_one_cm":1077,"minecraft:fly_one_cm":4021},"minecraft:killed_by":{"minecraft:zombie":1}},"DataVersion":3465}